A,B,C,D,E,F,outcome
35,36,43,52,76,69,63124
34,39,32,35,81,121,41349
35,34,36,44,87,121,51836
33,35,38,45,81,70,51179
35,33,47,36,92,55,44001
32,32,42,59,61,39,60893
33,37,34,45,61,127,78930
33,38,47,59,58,128,76143
35,37,32,61,32,84,96170
34,37,46,42,70,55,52417
34,32,36,39,41,147,93534
32,35,34,39,93,36,36966
35,34,44,46,59,119,83104
32,32,44,43,95,151,13184
32,34,34,59,41,116,87624
35,35,45,62,92,143,11018
35,32,34,39,91,41,33385
35,34,38,57,59,43,63565
33,33,38,37,75,36,65998
32,34,33,38,64,56,83591
33,39,43,37,85,103,46726
32,35,32,35,64,98,81291
32,33,46,43,80,53,48860
34,38,36,43,40,152,95031
34,39,36,61,75,92,38121
34,33,35,38,56,117,85863
35,33,42,63,78,102,49747
33,39,37,46,58,142,74030
32,32,42,44,46,148,89109
33,35,47,57,76,131,36697
33,33,39,50,67,134,71624
35,33,44,50,58,100,75735
34,39,43,35,86,93,54010
34,32,43,59,38,85,95803
35,34,32,62,51,67,76364
35,34,44,47,55,47,78501
34,39,45,45,48,101,92486
33,32,46,41,91,59,19302
33,39,32,58,47,56,80137
34,32,47,58,43,120,81039
32,38,44,60,81,34,37410
34,36,40,55,40,154,88154
35,34,35,48,82,60,54104
35,34,39,44,51,124,88657
33,33,40,50,45,109,87114
33,33,46,51,88,111,14466
32,36,32,62,88,125,21952
34,36,38,49,92,108,29918
35,39,33,51,95,55,12913
34,38,35,48,46,135,95540
34,32,36,41,72,86,54021
33,39,47,56,47,78,80074
35,37,35,35,95,88,16784
35,39,45,37,89,58,30713
33,35,46,47,38,43,98406
32,35,33,46,61,121,80093
35,34,36,49,42,152,89848
32,34,41,63,43,42,81163
34,35,46,32,60,140,80753
32,32,47,44,47,127,93416
32,33,32,34,39,51,103016
35,38,34,58,81,44,43972
35,36,38,36,95,109,22914
34,35,33,60,55,86,73481
33,36,39,49,69,72,69768
34,39,43,50,45,38,94078
35,32,41,54,53,70,71707
32,37,36,35,68,83,76015
34,32,40,58,68,96,52289
34,34,46,32,73,37,53148
33,33,39,35,80,106,60188
32,35,32,45,87,50,58422
33,33,45,55,87,137,11494
32,32,36,62,45,128,76946
32,38,32,34,54,92,91718
33,38,40,63,59,133,77051
33,34,46,41,87,61,40045
34,37,35,41,78,132,50967
33,37,43,32,40,112,100854
35,33,38,42,88,41,49505
35,32,46,56,75,62,47309
32,39,47,52,94,110,23905
34,35,41,33,90,57,50821
33,39,41,55,43,40,83780
32,33,32,38,95,153,47279
33,38,40,37,83,72,48770
33,38,47,51,74,48,39344
32,33,38,46,47,71,91561
32,33,46,53,68,63,51860
33,35,35,48,77,154,60609
34,39,44,51,55,77,71435
32,33,40,58,67,33,59345
35,36,33,41,64,55,65759
33,39,32,59,36,143,88983
34,37,36,56,64,85,66350
32,35,46,37,62,98,78227
34,39,37,38,78,116,54928
32,34,46,55,93,143,31523
35,35,39,36,84,43,60343
33,39,34,54,66,119,68373
35,33,42,52,95,127,0
35,38,45,43,92,117,40492
35,39,41,41,68,106,60908
33,36,36,57,83,87,47433
32,39,39,63,39,143,90094
32,33,42,57,95,52,14437
35,37,41,33,90,150,20328
35,34,33,55,37,108,100157
33,37,47,43,79,97,44750
34,33,35,59,80,70,51621
34,36,45,36,76,150,48414
34,37,39,41,37,46,102406
34,32,39,41,70,110,70716
32,36,40,33,65,73,73024
32,35,42,36,33,96,102063
32,35,38,45,79,131,39805
32,32,32,46,37,97,101630
32,36,35,37,84,34,53818
34,37,34,58,35,105,95933
34,39,46,60,78,38,32064
32,32,42,52,38,69,95923
34,32,33,55,93,60,6504
34,32,40,41,68,46,77411
35,34,46,47,53,122,84019
34,38,35,61,80,94,35352
34,35,35,36,59,36,77974
32,39,38,46,35,111,100558
34,39,39,46,94,84,28099
34,35,33,57,33,135,100769
33,39,32,49,50,158,85383
33,38,33,51,84,74,56955
33,34,35,49,72,103,65982
34,39,41,56,46,151,88417
33,34,40,58,83,70,37691
35,36,42,53,54,90,78971
33,34,35,37,69,43,74602
32,39,40,47,52,152,90220
32,33,36,58,62,83,66211
32,38,39,54,60,78,69862
33,35,43,39,82,134,56219
33,39,45,38,91,142,19339
35,32,41,48,58,104,82411
34,37,40,38,66,81,72111
35,37,41,38,94,38,13749
32,39,43,48,72,124,44131
32,37,43,34,88,73,38388
33,35,35,34,50,60,91932
33,38,43,60,84,76,27435
33,37,39,63,78,97,42164
33,38,36,47,92,155,15144
35,34,34,50,60,53,83189
33,37,43,42,77,80,47929
32,37,38,61,32,106,89808
33,37,42,32,79,48,51325
32,38,33,57,70,53,72161
32,35,46,42,76,147,62602
35,35,36,54,57,146,83969
35,37,42,32,71,37,54677
35,37,43,33,64,49,62788
35,33,45,55,43,119,89674
32,36,32,61,95,95,31399
34,39,35,43,38,79,102412
32,39,35,47,78,79,55235
33,34,43,62,36,136,92110
33,39,34,62,45,127,85938
34,38,39,36,85,69,35766
35,37,41,57,34,104,94110
32,32,38,51,40,107,99669
33,34,37,44,52,151,88606
35,34,42,57,79,107,29073
35,35,32,63,35,49,92259
35,33,40,51,42,62,94566
32,34,45,54,39,68,88907
33,37,43,40,71,76,73775
35,33,47,34,88,150,34355
32,37,32,32,56,92,87001
35,35,34,53,57,113,85881
33,37,35,48,47,41,87141
35,35,44,49,33,48,94420
34,32,45,34,52,51,79670
34,33,33,40,72,139,56048
33,32,47,44,75,75,47628
33,34,42,51,69,95,73654
33,39,32,59,32,45,94008
34,34,36,63,37,137,88369
35,36,38,53,87,64,36443
32,32,42,34,48,95,84300
34,37,45,54,58,65,67106
34,36,47,57,65,96,48208
34,35,43,53,74,135,59961
33,36,40,39,58,146,86272
35,34,43,48,45,141,91684
32,35,35,33,32,106,105041
33,36,35,55,81,64,48309
35,39,39,32,36,122,104080
33,35,41,47,73,106,51250
34,39,32,54,58,39,79419
35,35,45,60,61,152,54846
35,33,33,33,71,144,57921
33,38,39,57,56,114,81568
33,35,39,40,63,61,80826
34,38,45,44,45,53,95378
32,35,42,59,79,155,45887
34,36,36,43,45,147,87399
35,34,39,58,78,73,52168
34,33,39,32,64,45,68547
33,35,47,55,61,77,78641
34,33,33,41,42,120,98540
33,32,39,43,69,119,67812
33,36,45,44,72,85,49295
32,34,44,44,35,49,93844
35,37,45,51,32,134,97167
32,39,35,60,32,142,92186
32,35,41,59,74,59,46580
32,35,42,48,55,133,83352
34,35,38,48,43,132,89049
33,37,45,43,73,83,54841
35,37,44,53,38,54,84870
32,37,47,39,95,140,21931
32,36,46,43,52,147,88850
32,36,44,53,46,32,85660
32,37,36,56,67,137,59012
33,37,32,43,49,50,87620
34,35,44,45,89,57,13784
33,33,42,51,77,156,56773
34,39,42,38,60,134,82468
34,32,36,40,79,96,39564
34,33,37,34,33,32,104013
33,38,37,56,39,43,96506
34,38,47,33,84,58,38911
35,37,39,61,61,146,74615
34,32,35,43,87,80,43558
34,32,38,33,56,65,92614
33,35,46,55,48,120,84182
34,38,46,57,58,98,68286
35,38,47,52,50,44,79897
34,37,44,61,53,50,70908
34,38,37,63,34,116,91131
34,37,45,40,61,32,78710
33,36,47,47,83,94,25849
32,37,40,62,89,68,27832
34,34,44,44,95,37,37018
32,37,40,45,49,107,85232
34,34,37,57,85,42,36080
35,32,32,47,64,103,73262
34,36,34,36,49,44,87517
32,35,44,62,95,130,35212
34,39,47,34,32,78,99965
34,34,44,41,49,45,80766
34,38,47,37,51,149,80021
35,37,44,38,55,136,80410
34,39,46,38,64,58,73999
34,38,36,49,85,78,41393
33,38,44,55,44,44,90787
33,36,37,48,90,83,28903
32,34,39,36,45,132,93602
33,34,46,60,81,119,51264
35,37,37,53,39,120,92516
33,38,38,36,80,147,40653
34,34,39,49,85,144,32671
33,36,35,50,88,106,19850
34,38,38,47,92,133,22758
32,32,37,36,59,118,86354
32,35,44,50,64,71,76129
34,37,37,44,48,126,84014
32,36,42,51,64,146,78189
32,34,35,40,83,136,34328
32,38,43,52,93,39,13363
34,37,33,62,48,111,83176
34,34,46,52,59,91,63915
32,39,39,58,90,124,10085
32,33,44,50,64,95,62516
34,34,32,36,39,148,99012
32,38,39,61,36,57,95056
33,33,34,46,95,86,19967
33,35,46,56,72,133,44094
33,39,35,52,52,48,83693
32,33,33,36,52,116,91113
35,33,36,56,58,33,67302
34,37,38,41,88,80,36634
35,39,46,40,72,51,69872
32,33,34,48,59,42,72997
33,39,36,52,69,149,54928
34,38,47,44,47,147,83728
35,33,34,60,79,75,55869
35,37,34,35,40,46,97610
35,37,38,35,92,44,21882
34,32,41,34,82,56,33737
34,36,35,47,94,98,18303
32,34,36,39,45,45,91665
35,36,40,45,40,106,97952
33,38,40,49,67,115,70169
33,33,40,35,74,89,69782
35,35,34,55,80,125,42260
33,35,39,33,40,96,96775
34,32,38,40,70,121,72977
33,38,40,50,50,60,77033
35,32,36,54,67,153,66374
35,38,36,34,79,75,59908
33,34,37,60,59,111,78414
33,36,38,49,71,48,54764
35,38,35,32,56,63,88650
34,32,40,39,90,39,33125
32,32,43,50,72,96,45102
34,32,45,36,93,40,9228
34,34,44,44,57,52,68198
33,39,47,44,45,131,93885
34,34,41,47,44,108,89941
35,36,47,51,35,145,87694
34,33,37,47,50,69,94438
34,37,32,55,58,89,77222
33,34,34,42,38,115,96422
34,33,39,33,32,109,104561
32,34,34,60,69,67,56950
35,37,44,50,35,39,92783
32,34,32,59,60,116,71190
32,39,43,63,81,138,52095
35,39,42,39,80,89,35181
32,36,43,36,37,36,101158
32,32,37,45,57,71,82861
35,33,47,55,51,102,78451
34,37,41,37,59,33,75829
32,37,40,33,77,40,60359
33,35,35,46,86,157,52886
34,35,41,44,88,65,26503
32,35,35,32,71,73,60463
32,36,41,63,42,158,85950
34,37,42,40,32,69,98752
32,32,45,32,77,140,54631
34,34,36,53,84,123,52742
32,35,38,46,49,149,85530
34,38,39,57,37,52,97328
35,38,47,43,49,156,80401
32,33,40,36,69,81,62123
35,36,37,43,79,96,48201
33,38,42,32,57,130,74483
35,38,46,63,45,68,81239
33,35,41,32,54,136,80081
33,38,40,42,42,72,98024
32,38,46,44,40,109,95151
34,39,33,45,37,119,100745
33,38,47,63,57,128,72733
34,34,41,35,47,154,85226
32,36,40,56,52,41,77570
35,36,35,52,42,106,90521
32,35,43,61,63,111,68557
34,38,36,52,54,151,88524
34,38,38,57,40,78,96629
32,37,44,56,42,64,93230
32,35,32,38,37,149,98363
33,35,34,33,82,88,53091
33,34,34,53,61,47,76819
34,36,34,49,50,57,87518
35,38,35,46,47,36,97741
33,34,39,43,43,34,92692
35,33,45,34,45,128,88655
32,37,47,40,77,96,58694
32,35,36,37,44,106,97561
33,32,40,45,43,114,97731
34,38,32,37,39,36,97744
34,39,39,42,86,103,47719
34,39,43,47,80,143,39646
35,35,44,41,82,99,38187
35,37,37,38,81,61,51979
34,39,36,59,79,41,51322
32,34,32,50,52,128,90332
33,37,36,47,93,80,38743
34,32,46,52,84,103,40666
34,36,42,35,32,118,104241
33,37,42,34,80,45,55453
34,34,42,48,57,148,76548
33,38,45,56,92,91,41999
35,33,36,43,42,121,99250
32,34,35,63,80,46,36297
35,39,42,53,83,43,29459
35,32,36,42,43,141,99345
33,34,36,51,35,103,99029
34,34,46,45,83,153,39675
32,34,40,40,50,113,88617
32,32,33,60,64,152,57383
33,38,46,57,38,51,82626
32,33,34,61,58,153,75970
32,36,34,49,87,44,49558
35,34,37,42,61,71,69477
35,36,46,50,60,79,64222
35,38,40,52,40,74,90186
35,34,45,51,47,124,87630
34,36,45,53,32,126,99165
34,35,44,42,45,151,88914
33,38,38,44,70,64,70013
35,38,39,39,87,142,21116
32,36,47,44,37,61,90682
34,39,45,43,88,35,48682
32,39,35,49,85,143,48357
33,38,46,56,73,147,48246
32,39,45,55,63,136,53290
33,35,46,63,67,99,53057
34,38,38,52,78,57,46091
35,34,34,60,47,112,78031
32,38,37,53,71,63,63589
35,34,35,56,64,67,63431
32,32,41,56,60,50,64042
32,38,42,54,51,152,85118
32,34,42,37,38,71,98520
33,33,46,38,40,69,95456
34,38,42,56,89,102,31751
34,35,45,56,57,107,62142
32,36,39,47,81,36,59758
33,34,35,60,60,53,67671
34,32,47,44,46,100,81133
34,36,33,48,54,34,86731
32,39,45,54,38,101,88267
35,32,34,59,85,135,45952
35,34,44,61,62,48,58239
32,33,32,63,74,52,61219
34,33,33,50,32,124,100264
32,38,34,48,54,128,82244
35,39,43,60,55,108,63696
34,37,45,40,72,100,60481
32,34,41,46,32,53,95882
33,34,36,41,44,103,99034
34,33,35,55,95,115,41732
35,32,35,52,92,91,47074
34,39,47,40,69,115,64409
32,37,43,59,93,55,23852
34,34,40,63,83,38,35270
32,33,47,58,71,132,51183
35,39,44,59,77,71,41081
33,38,45,50,95,151,26755
32,37,39,55,62,154,71007
34,36,33,33,49,106,96074
35,37,43,40,53,123,79548
35,33,38,40,83,79,37652
34,39,33,63,39,58,91485
32,35,36,63,61,84,75883
33,34,35,39,41,45,100758
35,38,39,49,36,120,91671
32,34,45,40,37,37,98388
35,32,34,58,83,128,52891
33,35,35,59,33,73,100683
35,33,41,44,71,112,62675
32,35,34,34,88,121,29157
33,39,38,53,74,69,51610
33,36,32,56,38,115,97008
32,36,42,52,62,82,69875
34,32,40,34,93,47,47068
35,35,34,36,87,107,34933
34,38,45,42,81,142,33567
33,37,42,51,91,73,26764
33,32,36,46,84,129,29092
32,33,43,57,78,105,30644
33,33,33,54,35,147,97571
35,32,45,43,41,38,98508
32,32,45,41,67,57,56349
34,32,42,61,52,97,81949
35,32,35,38,44,136,91013
35,39,44,47,40,108,93851
34,34,39,45,82,143,49810
33,34,34,53,54,149,83597
34,34,37,57,44,41,93593
35,36,38,50,42,52,95997
33,32,46,43,54,78,80769
32,33,39,62,42,88,87304
33,35,39,32,51,82,89888
32,35,38,36,82,152,37359
33,37,36,46,92,141,12756
34,39,33,52,48,62,83345
35,33,39,36,53,74,87292
35,35,43,40,39,150,91264
34,32,46,40,85,81,50209
35,35,42,37,50,102,82525
35,35,43,53,77,47,59442
34,39,39,40,95,92,24102
33,39,39,45,56,52,83679
35,36,38,45,39,112,97956
33,35,41,48,68,155,67281
34,36,45,35,43,138,89441
35,38,47,52,32,141,86305
34,37,36,56,50,75,76165
33,32,46,63,43,49,76972
32,39,34,44,43,128,97869
32,39,40,36,71,135,59303
33,35,32,41,87,53,53994
33,32,40,52,60,60,75315
33,32,32,50,32,109,105691
33,38,34,42,43,94,93949
32,33,45,32,66,132,59113
35,39,41,62,53,121,70485
33,38,44,46,94,96,13260
35,38,44,60,57,101,77866
35,33,34,62,35,159,94194
33,39,40,47,43,91,89105
32,36,38,62,83,53,43113
35,39,35,43,80,114,38152
34,34,40,53,71,70,49875
34,35,34,52,71,78,72062
34,38,45,47,78,69,37463
33,32,45,59,49,151,80862
32,34,47,57,65,74,48791
35,37,47,41,48,39,83673
35,34,39,44,36,36,94895
33,36,38,53,78,36,48911
33,34,36,58,41,135,86403
34,35,32,41,95,59,34149
35,33,41,39,90,139,25305
33,37,46,58,85,89,37838
35,32,37,44,77,34,68159
35,33,33,61,40,96,94546
35,32,45,36,56,154,70772
32,33,36,54,45,92,87522
34,36,38,55,55,80,81001
34,32,45,60,84,70,35812
35,38,40,37,69,136,73008
32,35,33,57,51,97,88234
32,33,37,54,49,87,78539
34,36,46,42,47,40,82157
33,33,47,62,78,61,56627
34,33,43,48,43,32,85764
34,35,40,33,32,70,99722
33,32,37,38,55,117,77782
34,39,38,34,91,100,31879
35,35,47,53,63,91,69197
33,39,43,49,81,130,37252
33,39,45,41,66,81,73680
33,37,44,61,39,88,86564
34,34,34,39,34,81,106087
32,38,45,44,57,56,74570
32,33,43,49,93,81,13488
35,37,40,52,64,71,66030
35,33,36,51,69,42,63824
35,32,38,45,83,62,45766
33,36,33,39,67,92,72379
33,36,33,54,83,145,47990
32,34,43,49,58,112,73680
32,36,36,60,39,123,87740
32,32,43,41,77,70,50807
32,38,40,46,56,104,77034
32,34,44,45,94,72,14678
33,34,41,42,54,134,88605
34,38,37,46,78,150,40359
35,35,32,50,40,106,101024
33,34,32,60,81,138,34505
34,39,46,37,70,145,68275
35,39,40,32,90,55,27493
34,37,35,33,79,63,62191
32,32,32,62,74,91,43802
35,37,42,63,70,47,45681
33,34,47,50,44,100,83216
35,33,39,55,43,37,96204
32,35,47,45,32,156,98310
33,36,35,37,76,48,55143
32,36,39,52,34,128,95524
33,35,39,48,35,51,101167
32,36,41,55,34,110,95057
35,32,33,59,41,156,92148
35,38,46,40,48,130,83022
34,39,39,63,78,125,29191
33,39,42,54,61,119,59580
32,36,43,46,77,45,58422
33,32,43,57,52,144,85999
33,39,38,41,76,33,49163
35,37,41,36,66,32,78566
33,33,47,34,57,144,72778
35,35,40,51,32,124,92704
33,38,39,38,57,144,87211
34,36,34,57,95,89,9966
35,36,40,54,84,145,39478
32,33,34,42,36,46,103210
32,35,44,60,93,40,6401
35,39,43,39,36,64,98608
32,36,38,49,79,156,50946
32,39,38,58,42,70,88099
32,39,42,52,76,140,53242
34,36,44,44,81,103,30124
32,34,33,55,90,58,15542
32,37,41,46,52,152,84136
32,34,37,53,57,101,69321
34,37,39,46,84,62,49718
34,38,33,33,34,137,99817
32,39,40,56,33,136,95461
32,32,45,51,57,59,66603
32,33,32,43,69,143,75981
32,32,42,49,79,62,55462
33,37,32,39,53,145,82172
35,37,41,56,67,103,66867
34,38,38,43,45,78,93033
33,39,38,38,90,93,51573
34,39,33,48,54,151,82002
32,35,33,41,90,47,52158
32,37,46,56,36,100,89111
33,39,41,57,54,35,79194
35,38,47,36,61,37,78039
35,37,40,44,77,42,51750
32,36,32,38,49,92,89112
33,37,42,56,92,117,25817
34,33,37,35,94,132,25891
33,32,47,55,90,111,6332
34,33,38,53,86,86,23575
33,34,36,54,52,138,82600
32,36,34,61,33,54,90739
33,38,41,51,67,159,62102
35,36,38,45,78,120,38086
32,39,36,49,80,110,39509
32,34,41,50,38,146,98800
33,33,46,36,43,38,92343
32,35,38,53,61,53,66422
34,35,32,35,85,81,37878
35,34,45,48,50,119,82771
34,35,35,57,93,47,34059
33,36,39,48,35,75,101089
35,32,38,49,79,130,45198
33,37,33,52,34,121,101743
33,35,33,42,38,37,103633
33,34,42,42,86,122,24060
34,36,32,62,85,34,53497
34,38,34,39,42,109,93999
33,35,39,59,34,61,90117
33,33,45,40,39,128,95736
32,33,40,59,39,136,90334
32,32,42,54,33,131,90186
32,36,43,43,65,67,68293
32,39,38,35,40,93,92912
33,32,40,36,82,49,51471
32,35,46,56,60,130,67803
33,32,36,37,37,43,105929
35,34,42,51,85,139,33623
33,39,45,49,94,150,21578
32,37,40,53,91,44,30782
35,37,46,49,55,51,78195
34,33,40,44,59,90,76390
32,37,34,57,53,146,89001
33,32,35,61,47,130,90067
32,34,45,36,61,67,81185
33,36,44,60,52,155,78667
34,33,42,42,39,80,90629
32,34,43,57,90,138,15762
32,37,37,37,89,67,33226
34,34,40,42,85,151,47891
32,34,39,45,84,154,40856
34,32,35,50,57,140,84898
34,36,40,53,81,149,49622
32,33,33,57,36,75,93761
33,34,40,60,79,88,51429
33,34,32,35,60,116,81778
34,37,34,47,52,99,81700
34,33,44,48,78,129,41584
34,35,40,52,41,148,87427
32,36,33,54,48,112,84135
33,32,46,33,90,40,43522
34,38,41,46,47,87,91974
35,35,37,48,87,148,33337
33,34,40,40,56,76,80689
33,37,39,42,51,69,83975
34,39,47,56,66,147,55795
33,35,34,42,58,149,80422
33,38,39,33,39,57,97094
35,39,39,46,95,49,29019
33,38,34,45,38,148,102033
34,38,46,63,88,100,21753
32,33,35,55,94,79,29034
35,38,45,42,56,121,73664
34,35,39,40,54,141,85792
33,35,38,60,93,46,28037
34,32,35,39,53,135,91087
34,37,37,62,90,150,26667
35,32,41,57,59,150,67857
33,37,32,61,54,101,72769
33,32,35,37,66,62,76586
32,36,44,38,82,137,55359
32,34,34,49,68,94,64350
33,39,36,55,42,46,84169
33,38,39,59,90,110,34844
33,34,40,43,34,35,98576
35,32,39,55,89,156,19481
34,35,39,41,93,78,33195
35,37,38,54,49,64,91899
32,36,33,38,47,36,100807
32,34,40,32,73,114,57526
33,33,33,36,44,71,95340
33,32,35,59,50,140,78685
35,37,35,40,42,127,94147
33,32,46,32,62,44,74874
34,32,41,40,73,92,63116
33,37,46,34,44,50,86579
35,37,42,49,33,156,94710
35,33,32,40,90,82,43128
34,32,32,58,52,65,78781
35,39,47,43,46,111,88511
33,34,42,57,76,124,43761
35,32,37,57,43,118,86960
33,36,41,49,83,73,53197
34,36,44,33,39,88,101921
34,34,46,60,45,72,84004
34,35,39,32,74,157,54012
33,36,34,52,51,153,79681
32,36,45,55,45,40,91038
34,33,42,59,72,125,51960
34,36,37,36,88,107,54253
35,38,40,45,77,120,61545
32,33,43,37,91,150,48451
32,36,39,49,61,101,76427
33,35,42,59,48,41,84618
33,32,43,51,60,115,65349
32,33,44,32,61,32,72780
32,32,35,48,71,153,67966
34,32,34,43,57,38,81786
32,36,44,60,75,114,54161
33,39,39,48,76,53,54398
34,35,38,33,44,147,94343
32,36,46,43,48,147,82401
34,33,46,46,81,103,51287
35,34,35,52,42,63,92985
35,36,36,63,44,131,77540
35,39,38,59,54,108,69051
35,32,42,35,43,103,94969
32,37,37,32,84,152,32337
33,38,42,37,87,48,39812
32,39,32,47,45,69,92802
35,38,38,48,37,71,94938
33,37,39,36,89,149,18766
32,38,39,33,51,153,90123
33,39,43,59,71,83,43399
33,39,46,44,70,43,73029
34,38,39,35,85,159,57927
34,35,41,53,32,111,97039
35,32,41,32,57,51,73701
32,36,42,47,50,109,90722
35,32,47,52,77,152,51161
33,38,44,40,57,153,81245
34,38,47,32,34,104,102551
35,33,41,55,35,156,96275
35,34,33,52,90,128,39906
32,34,39,33,42,112,96434
32,38,35,36,50,45,95818
32,32,36,57,45,85,84020
34,37,34,45,73,86,57486
35,39,43,38,37,34,99518
32,39,41,38,78,67,59999
33,32,43,57,65,86,71764
35,35,37,39,33,81,104781
33,36,34,47,34,43,97570
33,39,44,47,53,36,76761
33,39,44,42,40,34,90776
32,38,43,38,70,146,70482
35,35,43,49,59,137,67404
33,33,44,35,77,113,43966
32,36,45,40,51,89,77911
33,34,36,40,86,158,28010
34,39,37,35,75,46,53646
35,32,40,33,58,49,79648
33,32,37,51,43,129,86070
33,36,40,48,85,139,40841
34,35,47,58,81,77,24928
35,35,40,32,80,158,49196
35,39,42,39,66,148,67842
34,36,37,47,37,97,101422
33,37,40,40,38,116,97484
35,33,43,48,84,130,38028
33,33,41,35,55,154,86627
35,35,34,63,69,82,48388
34,32,43,37,35,110,102213
32,39,47,57,91,101,36460
35,34,35,56,90,114,25546
32,33,36,62,33,60,89637
33,34,38,55,33,98,99021
32,39,44,46,84,113,35407
35,34,33,63,34,125,95067
33,39,43,32,85,57,54573
32,39,36,38,70,87,58691
34,37,35,40,72,60,69733
34,39,46,61,87,68,34352
32,32,32,53,90,35,51099
34,36,41,43,68,141,68892
32,36,34,47,57,99,75644
35,32,47,35,66,157,69756
34,35,43,54,87,126,42055
34,33,34,41,64,65,77782
32,37,34,60,79,96,60760
32,35,42,42,92,75,31637
32,36,39,35,89,142,26235
34,36,36,58,55,36,70290
34,38,45,49,95,45,36626
35,38,37,38,88,62,26412
35,38,41,32,81,70,58775
34,39,38,57,42,133,93149
33,39,32,40,84,118,35495
33,32,45,49,59,79,70891
33,39,45,42,94,87,8511
34,38,36,63,32,155,97988
34,32,35,39,90,143,46593
33,32,36,50,49,45,82282
32,36,39,50,93,51,43404
35,38,37,53,65,119,78088
33,38,39,62,74,58,60630
33,35,38,42,39,56,97193
32,39,46,58,71,82,53572
32,39,46,60,85,48,13484
33,32,46,59,88,151,9635
33,39,46,40,37,104,96898
35,35,37,63,57,133,63063
33,32,42,33,35,137,97332
32,35,40,34,38,83,95533
34,36,43,63,33,159,84080
35,35,35,62,73,112,55773
33,33,35,49,84,108,27411
32,34,34,40,61,127,72054
32,32,39,62,95,44,22687
35,38,45,45,42,75,85245
34,32,38,51,46,106,84176
32,36,36,35,46,54,89173
33,37,39,34,82,90,55440
35,33,34,35,94,37,14621
35,34,38,49,62,58,69674
32,37,47,57,62,100,53886
32,35,36,41,91,47,31346
32,32,39,53,78,110,63369
35,38,42,39,37,138,92976
34,38,45,62,50,79,67650
33,38,33,36,54,114,80585
35,38,41,46,43,87,93950
32,36,43,53,33,110,98290
34,39,46,60,79,143,30961
32,35,35,55,35,97,90898
34,36,45,35,81,53,42691
32,38,46,41,32,130,96267
35,34,40,44,61,157,67100
33,33,38,61,63,138,76285
35,33,33,35,43,127,94964
32,37,40,42,79,53,64509
33,37,43,34,69,151,54403
32,33,35,54,88,41,29868
32,38,45,42,65,112,72285
34,33,45,52,54,35,84744
32,35,37,40,58,48,85929
35,33,40,60,32,70,96722
34,33,40,59,44,133,84780
35,32,41,35,68,105,76680
32,33,46,48,89,140,47292
32,37,44,51,62,50,78167
34,36,37,36,53,147,89161
33,36,37,42,72,52,73192
35,32,43,48,93,126,18475
32,34,33,39,58,67,83830
32,32,43,42,67,140,57201
32,38,44,46,55,47,75538
33,38,33,51,80,117,45318
33,39,33,55,68,82,66055
35,33,42,52,95,110,8415
35,37,35,41,54,51,79496
32,35,35,50,89,88,16759
35,39,46,44,47,115,83017
35,33,42,53,66,118,53833
34,34,35,59,55,149,85014
33,33,34,44,76,44,49578
34,38,32,40,53,61,93535
32,34,43,53,67,86,65103
34,37,46,48,65,35,76293
32,39,37,46,89,91,50072
32,35,34,46,52,36,82945
33,34,39,36,62,89,77419
33,37,41,51,59,55,67282
34,33,44,43,85,145,38156
32,37,34,61,84,139,48093
34,34,45,44,52,85,85948
33,35,47,46,42,48,92478
33,35,33,61,41,68,94932
35,38,33,53,52,108,77157
32,32,40,58,76,133,45137
33,36,33,36,71,51,56652
32,36,39,41,66,79,62647
33,39,37,52,66,42,65484
33,35,33,45,71,132,69143
35,35,44,43,49,144,82592
35,38,42,46,32,116,99949
34,38,37,52,41,103,97641
34,38,34,53,84,53,41289
34,32,36,57,74,104,44456
34,32,44,37,46,131,85669
34,32,36,35,65,137,67701
32,32,47,51,76,120,35723
34,33,42,49,34,100,96902
35,37,39,61,34,46,92075
34,35,46,61,92,41,18131
33,35,44,53,76,91,47815
32,37,36,40,39,148,102146
35,32,45,39,59,36,76164
32,37,45,40,59,100,74315
33,34,34,51,82,130,46244
35,34,44,44,91,50,47347
32,37,43,33,62,44,65032
33,33,38,38,63,93,66085
32,33,32,44,81,67,41996
33,36,42,32,76,99,57405
35,36,38,43,44,44,96656
33,38,44,53,92,150,34182
32,33,46,35,51,99,82214
34,39,33,59,74,67,56739
34,35,41,34,51,60,80904
32,36,33,39,68,129,63319
35,36,32,44,81,68,53084
33,32,41,52,57,69,83546
34,35,33,42,66,91,66311
33,37,46,39,90,65,25688
32,39,45,57,75,48,38321
34,34,46,43,64,69,63097
35,39,34,52,38,40,101552
32,32,32,56,82,158,55765
32,38,41,50,59,42,73673
34,38,42,57,43,115,90204
32,37,33,46,61,40,78348
34,37,47,38,93,105,27141
33,38,47,58,32,57,88497
32,33,35,61,55,96,80705
35,34,35,40,63,62,74773
32,38,36,54,32,34,99995
34,36,36,62,56,59,79135
34,34,32,58,45,38,85128
35,32,42,33,88,145,22126
35,33,37,35,62,33,73629
32,39,37,43,64,115,79339
35,35,45,44,71,85,64123
34,39,37,52,45,151,81061
32,35,35,58,87,72,29410
35,39,34,42,73,135,60526
34,39,38,55,58,136,63636
34,34,38,38,41,149,100607
35,36,37,53,51,37,85225
33,32,46,37,71,65,70823
35,36,41,35,63,141,82790
32,35,37,32,49,147,92282
34,36,36,60,80,43,49281
33,33,33,41,58,71,87123
34,33,36,57,77,93,63334
35,39,47,49,92,54,19510
34,38,33,50,85,145,52796
34,37,35,44,48,107,84399
33,35,42,42,90,42,15269
35,32,46,36,77,154,39238
35,36,34,41,51,75,91901
35,39,35,34,73,59,68709
34,38,46,63,87,73,38224
32,39,38,39,50,66,88469
34,37,33,47,50,118,85942
34,39,43,44,47,154,86892
32,36,35,51,43,88,86360
35,38,37,48,43,110,87300
35,35,36,40,62,122,74533
34,32,43,50,66,134,56242
32,38,38,53,77,95,40531
32,37,39,43,94,70,34075
35,35,44,33,60,148,72586
35,33,43,55,52,32,78430
34,34,41,38,35,68,99511
33,35,32,48,69,126,58104
35,32,38,38,57,129,82311
34,33,36,51,53,156,83879
33,39,38,41,66,49,60718
33,34,40,51,92,105,39358
33,35,38,36,95,135,30133
35,32,41,48,67,153,72500
34,36,43,43,74,118,46868
35,36,41,34,63,57,68971
33,37,36,58,76,124,59454
35,37,44,32,43,68,98287
33,38,35,47,38,144,100487
34,34,40,48,40,91,90173
33,35,33,57,62,59,74432
33,32,40,61,53,68,67612
32,37,41,41,42,77,93301
32,32,43,50,64,116,67929
32,36,42,39,35,63,103795
34,33,36,37,66,99,82682
32,32,40,43,71,148,72550
35,37,33,50,94,84,39837
32,37,35,62,61,129,65673
35,37,44,34,90,141,42794
34,33,36,42,40,73,102473
35,33,32,59,38,85,91011
34,32,35,47,62,92,80226
32,37,35,44,85,155,38812
32,34,41,60,37,98,83292
35,38,47,56,91,52,27379
32,35,33,61,65,120,63356
33,33,38,62,74,51,47622
33,37,41,39,89,111,24900
33,34,43,46,41,114,96133
33,37,38,32,65,69,75644
35,37,35,52,71,49,61605
35,32,40,60,92,113,2107
35,39,45,62,79,51,43850
34,34,34,55,90,35,38953
35,32,35,56,73,78,52559
33,36,45,60,67,149,51337
33,35,37,41,37,158,98466
35,34,32,46,38,75,94992
34,39,45,50,67,120,63646
35,39,43,35,67,51,65952
34,34,40,44,89,50,40196
33,35,43,53,46,92,89571
33,37,36,44,51,46,92735
33,37,38,46,70,46,53583
35,34,41,35,85,90,49098
34,37,33,61,94,141,6323
32,34,38,60,54,142,69342
33,35,41,44,66,80,78540
32,32,32,33,76,41,57111
32,36,33,50,34,156,101310
34,39,39,56,53,137,86913
33,34,33,50,56,97,85932
34,32,33,42,33,158,99727
34,33,36,33,92,42,41785
33,32,44,46,92,46,18666
34,37,47,58,65,159,67325
34,37,39,52,39,94,92822
34,32,33,44,68,129,73176
33,38,37,39,48,155,94726
33,39,36,33,82,48,40405
32,33,47,41,60,61,78268
35,36,33,45,37,156,96483
32,37,43,45,50,68,85456
32,38,39,48,44,127,88420
33,38,37,63,88,114,29625
35,36,40,32,34,142,100267
33,33,39,53,59,87,78665
34,33,40,53,69,43,62002
34,34,40,36,72,52,52391
32,33,41,58,86,75,35434
33,34,40,42,86,61,29795
32,39,45,52,81,138,33982
32,34,44,57,35,140,94320
34,37,42,38,42,88,98899
32,37,43,41,49,145,80293
34,34,38,47,61,42,76944
32,38,41,39,47,40,90513
32,38,43,42,80,122,62377
35,32,33,56,48,73,83590
33,36,34,52,73,98,50306
33,32,32,52,66,144,65328
34,38,41,37,49,59,84851
35,38,47,49,66,76,68838
32,35,36,37,68,154,68557
32,37,41,38,59,127,85430
34,38,34,42,47,129,91964
34,38,39,48,63,56,70756
33,38,45,45,75,55,57595
34,38,37,46,94,74,33278
34,38,39,48,50,83,81150
32,38,47,60,74,113,37143
35,37,46,50,39,143,92483
33,37,40,49,83,78,29553
32,38,47,52,94,103,31617
32,34,35,33,81,130,66391
32,34,39,62,43,81,89145
35,37,44,55,89,83,36484
32,36,40,47,87,72,44815
34,39,42,41,62,145,81021
32,37,35,51,34,52,98657
35,37,42,59,55,96,77410
33,33,47,47,53,66,78650
33,38,34,33,51,120,95715
33,34,41,46,55,113,75336
34,39,44,34,32,48,104846
35,32,46,48,62,99,74227
32,32,43,55,88,101,27771
32,39,37,52,54,122,87397
32,39,43,53,39,158,95092
33,34,42,40,36,37,95358
35,37,47,47,53,92,78609
33,39,39,32,76,69,53967
32,37,46,43,82,152,39659
32,33,34,32,37,104,101211
34,38,40,54,37,35,93113
32,33,43,33,60,78,72980
35,37,43,41,67,42,61298
33,34,37,44,63,78,66041
35,33,36,62,48,50,78705
33,37,35,53,44,77,83436
34,32,41,53,95,73,25301
33,35,34,55,82,80,38358
35,39,43,45,57,105,72118
35,38,41,44,44,82,93182
33,39,46,43,87,123,20709
32,36,34,59,61,93,75911
32,36,40,53,47,132,92105
35,39,46,32,75,141,59894
35,34,33,60,45,82,85348
33,36,43,61,60,83,71474
34,39,47,45,84,130,50025
35,38,34,51,82,54,55049
35,35,37,47,75,135,59013
35,38,45,33,52,101,89621
33,32,45,46,91,118,31796
32,35,37,59,79,105,50029
35,35,38,57,70,153,60598
34,37,44,53,35,84,97300
34,33,47,35,32,108,101944
35,32,45,47,71,74,65042
35,32,41,62,50,53,74024
35,35,34,47,92,76,26858
33,39,44,56,61,91,67980
32,38,46,40,49,106,87816
33,32,43,44,92,39,34944
33,38,45,62,49,69,68971
35,35,40,48,86,137,43706
32,35,33,35,94,90,31793
33,35,38,50,32,79,99801
34,34,39,51,54,119,73485
32,34,42,48,69,78,71326
35,39,42,36,89,66,17566
35,35,38,36,52,130,83029
34,32,34,57,41,82,85547
33,35,40,62,71,40,66037
32,35,44,39,48,145,81479
33,34,37,40,66,147,69031
32,38,39,60,41,119,87890
33,34,33,57,48,42,85862
35,34,35,37,49,119,89571
33,35,45,33,78,122,60643
33,33,41,40,57,125,77550
32,35,44,62,89,87,33945
32,38,46,37,35,81,98641
35,34,46,45,89,149,26441
34,37,41,34,37,111,96941
34,33,45,39,35,51,93600
32,32,44,56,73,106,41821
35,38,41,38,90,125,39641
33,37,41,62,56,80,61067
34,36,37,49,56,93,71371
33,33,41,50,93,58,33455
34,33,37,45,90,84,32639
33,37,47,55,70,34,48893
34,39,35,36,77,84,46550
35,36,38,36,36,146,102103
32,34,44,32,77,147,54236
34,38,43,59,54,80,64844
32,32,35,32,41,150,100011
32,32,46,32,69,135,69803
32,39,47,55,94,110,9204
34,36,46,56,61,89,60628
35,37,36,63,93,123,36161
35,37,40,35,94,89,32086
34,38,33,52,42,75,97924
35,35,40,43,60,62,69869
33,35,37,56,38,80,90834
32,36,45,55,59,134,71323
33,36,33,35,64,108,76828
32,33,40,57,74,92,43364
32,36,34,51,56,154,77631
32,36,40,44,73,123,61560
33,37,44,63,53,63,77140
35,38,39,60,41,41,84931
33,32,34,50,92,57,25933
35,34,43,37,33,157,100499
33,33,37,47,37,130,99887
33,39,40,43,62,106,67037
34,36,44,59,88,94,10866
33,34,41,42,50,138,91777
32,37,33,47,73,151,62960
35,33,44,41,55,73,84114
32,36,37,62,53,140,80671
32,38,40,45,45,39,96990
35,39,46,63,52,85,77174
32,39,46,46,77,124,44024
33,34,35,51,41,97,95896
35,39,41,38,78,143,61737
34,32,43,58,85,99,47731
34,33,40,63,57,68,74330
35,36,46,56,73,58,61801
34,37,42,56,86,56,23783
35,35,35,32,45,108,96579
33,33,33,35,40,70,100549
33,34,45,33,64,151,68670
33,37,39,57,71,134,56852
34,35,34,56,87,40,23244
35,35,40,37,93,127,40342
35,35,35,38,74,145,74100
35,34,42,61,62,50,57943
35,35,39,42,75,127,59863
34,38,32,46,32,36,105176
33,39,47,57,78,63,34053
33,34,47,33,57,97,81990
33,34,47,54,76,153,50279
34,32,42,48,53,116,86615
34,35,32,61,58,44,69217
32,34,36,43,36,48,101654
35,38,42,43,73,44,64496
33,37,41,49,74,122,59263
34,34,44,43,68,34,54097
33,39,35,53,65,125,65817
35,36,42,60,41,156,90568
35,39,45,35,54,53,83034
35,33,34,34,45,35,93031
34,36,32,60,64,158,66134
32,35,34,60,72,106,48448
32,37,33,58,49,97,77404
32,39,34,48,83,99,40801
32,36,35,43,92,97,34977
33,35,44,57,43,107,91870
32,37,39,45,39,76,98942
33,32,32,40,85,32,31919
33,39,40,41,83,127,48060
35,33,47,63,52,111,70068
34,36,36,40,44,63,91065
32,34,34,41,52,134,81806
33,37,46,50,92,157,17899
35,32,47,58,82,98,49998
35,36,38,55,74,96,62343
33,33,42,56,86,103,43952
34,39,36,46,75,69,70272
32,34,44,41,79,80,61187
35,32,36,44,77,98,45478
33,35,43,38,76,141,64193
35,34,42,62,66,77,60968
32,32,41,51,88,159,28886
32,39,33,62,52,64,73369
32,39,47,37,76,39,56025
32,33,35,46,57,62,81050
34,32,39,50,61,118,78692
32,36,43,50,67,91,59518
35,39,41,52,74,77,56029
34,37,42,49,78,122,37332
33,35,35,41,78,90,57937
33,34,36,39,76,48,49406
35,38,44,32,32,92,100655
35,38,44,35,57,81,86912
34,37,46,46,68,66,71732
33,38,36,38,49,158,83875
35,37,32,43,33,110,102438
34,38,33,33,46,81,96261
32,38,44,50,72,95,54256
34,37,40,36,43,140,95481
34,38,45,47,45,139,86812
35,32,40,37,57,85,87132
33,37,45,49,45,145,85820
35,32,33,33,66,90,65486
34,36,33,40,86,135,37719
33,37,44,58,75,76,46626
34,38,47,60,87,79,32836
35,33,36,60,47,146,80694
34,39,42,49,86,124,31379
33,37,40,40,56,59,74058
35,35,47,60,54,146,66022
34,34,36,63,51,32,84701
32,34,36,35,55,55,85040
33,36,35,32,67,100,66422
32,36,41,57,72,102,45200
34,37,43,54,83,93,52871
32,34,46,40,61,123,68982
33,36,39,60,40,80,81381
35,38,42,39,51,156,79722
32,34,44,41,45,73,87669
34,34,35,40,70,73,57500
34,38,47,37,65,35,74417
34,34,41,57,72,99,48320
33,34,34,61,67,51,53292
34,38,38,34,84,98,49065
32,37,42,37,71,49,71395
35,35,39,40,33,60,98423
33,38,47,43,65,62,60514
32,33,47,56,62,43,73075
32,38,46,57,46,159,74202
33,39,47,38,85,130,20256
35,36,36,39,53,100,82114
34,32,42,59,59,110,60002
34,39,32,40,35,159,97878
34,39,46,44,84,82,24277
32,33,42,49,46,45,85744
34,34,32,33,92,62,42531
32,37,38,61,79,49,55401
33,33,37,45,61,73,67695
33,36,37,50,68,143,65288
32,36,36,58,61,68,78122
33,37,45,61,32,59,95734
35,38,43,41,79,37,50187
33,34,42,38,78,83,43202
32,35,40,34,56,91,90747
35,34,45,38,62,129,77170
35,38,44,60,32,63,93457
33,33,45,41,71,55,54832
32,39,38,61,38,65,88813
35,36,41,54,79,45,40229
34,34,42,47,38,35,97747
35,39,41,39,36,88,100605
33,35,40,37,48,74,97669
32,32,47,60,37,110,93999
32,34,44,43,63,65,78929
33,32,38,33,74,123,73063
33,35,40,54,41,155,93541
34,32,46,51,66,149,69994
34,35,45,34,33,39,100901
32,34,40,61,78,109,43452
34,38,40,54,48,135,87997
33,33,40,48,37,78,99933
35,37,41,49,83,159,29354
34,39,45,41,92,87,7564
32,37,37,49,66,61,69664
32,34,39,36,92,138,21071
32,32,47,37,81,106,39704
35,34,42,35,67,129,73143
34,33,40,37,56,57,78882
35,34,38,49,83,48,33218
33,36,32,58,95,119,40348
35,39,41,42,83,42,40374
33,39,36,45,52,94,87412
32,38,34,50,47,44,84225
33,32,40,55,68,63,58039
33,33,32,33,82,151,39975
33,39,43,55,76,91,50383
34,36,36,58,32,95,99828
34,32,36,49,85,84,43210
33,35,33,47,50,142,94376
32,37,42,39,77,98,46798
32,38,43,54,54,88,72977
32,32,33,40,74,50,63023
34,36,33,54,76,76,52860
33,36,38,44,71,130,55274
35,34,43,47,61,47,63102
32,38,42,52,60,112,78086
33,32,34,34,72,50,75919
35,38,42,45,57,45,70359
32,37,41,42,76,135,65443
35,33,33,32,87,48,52114
32,32,45,54,72,81,48773
34,39,38,63,49,88,84972
32,35,45,62,84,48,48095
33,35,37,62,90,82,18951
33,37,47,36,90,79,48338
32,37,39,47,67,113,64474
35,34,45,39,78,103,60057
33,37,46,51,41,133,93743
33,36,36,50,32,139,97243
33,35,47,33,37,141,99887
35,32,41,51,79,57,46967
35,34,46,42,85,133,32200
33,34,32,45,62,37,77454
34,34,42,39,55,142,72424
35,35,43,40,33,118,98114
33,38,41,60,51,155,77095
34,33,32,49,73,131,57076
35,35,45,58,51,132,77333
35,39,44,54,63,97,61335
32,37,40,41,36,64,93919
33,39,37,50,41,158,91294
34,35,34,41,33,159,99091
35,32,37,33,81,89,48094
35,32,32,32,39,112,99864
35,34,39,56,89,82,34775
35,39,35,38,74,106,63791
33,35,43,37,64,87,62200
32,36,32,55,34,96,97524
32,34,34,37,38,64,106476
34,39,38,39,34,51,103511
32,35,36,46,60,146,78954
34,33,39,32,93,137,32942
35,34,36,33,32,136,107320
33,33,47,63,41,58,86492
35,32,45,52,88,67,45982
32,34,43,39,92,60,18961
34,34,47,44,85,108,46854
33,32,47,44,72,79,62653
35,32,45,55,32,69,90955
34,34,47,32,60,49,75572
33,38,38,34,40,64,97189
35,38,44,46,69,76,53999
34,34,33,49,55,47,75568
33,38,41,39,41,58,90323
34,34,33,50,69,122,69096
34,38,47,52,51,130,74255
35,32,46,41,90,99,18352
34,38,33,36,60,78,76503
35,39,38,33,33,120,105069
34,39,37,40,42,102,92093
35,36,32,59,38,137,92641
32,37,44,47,61,96,68129
35,35,32,61,78,90,35997
33,33,34,63,94,104,22437
33,38,40,60,80,118,23993
32,38,46,45,35,33,91588
35,36,47,56,90,43,27622
32,39,40,44,79,45,46074
33,36,38,38,75,126,56756
32,39,39,47,93,73,15717
34,38,42,34,71,43,72777
34,34,39,47,49,130,79301
35,38,42,50,58,122,67918
33,39,32,33,33,111,103061
32,38,45,49,88,44,18790
34,32,45,39,66,101,61362
32,38,39,54,85,147,33680
32,36,42,33,66,137,66775
32,36,40,47,55,98,72513
33,34,41,46,86,48,37710
35,37,33,54,68,92,56080
33,35,43,55,46,54,85176
35,34,44,43,74,78,49610
34,34,43,35,54,57,89284
34,34,43,33,48,84,86120
33,38,35,63,54,48,76411
34,38,45,57,40,114,78703
33,35,44,57,33,134,95955
34,35,41,41,37,85,102623
32,35,32,51,59,130,81558
34,34,38,43,55,59,79720
32,35,45,43,41,41,94078
33,35,32,47,86,136,39348
34,35,40,45,73,138,67229
34,37,45,56,87,96,27675
32,33,41,43,52,141,79813
34,39,36,59,52,65,86941
35,34,46,51,92,86,39999
33,38,36,34,75,121,62435
32,36,35,59,85,112,21291
34,39,33,63,64,140,69329
35,39,40,60,83,129,50388
33,32,44,48,74,111,52878
35,35,47,38,54,34,88347
32,36,45,58,62,46,66660
32,36,39,52,91,78,41735
32,39,32,58,36,91,89928
34,33,45,57,34,148,86641
33,34,44,32,51,137,91443
32,34,34,33,74,90,54839
32,32,43,52,56,46,81712
33,32,40,42,64,130,71465
33,38,41,40,88,139,46940
32,35,43,54,52,37,87187
34,37,47,39,67,129,70912
34,33,36,41,75,101,50696
34,35,36,34,72,33,72326
34,35,34,44,47,134,94011
32,34,43,33,72,142,50315
32,36,45,53,72,103,68065
33,37,47,50,80,51,44605
34,37,39,40,63,131,67539
34,39,42,50,42,60,87877
33,38,46,55,77,131,59168
34,36,46,56,55,110,64861
32,34,33,43,74,144,64682
34,37,34,45,94,106,21026
33,36,32,58,90,127,17206
34,32,32,58,87,158,43645
32,37,32,42,66,120,71848
34,32,41,58,52,47,85381
34,38,38,61,39,102,94269
35,36,34,37,60,43,75928
34,34,38,38,80,142,38141
34,39,42,35,74,64,70199
35,36,46,45,90,101,24396
32,34,32,61,93,89,12248
34,34,41,55,70,44,49637
33,35,47,48,92,158,9438
33,34,32,57,47,133,85194
35,33,34,39,43,114,97945
33,37,43,44,58,49,81647
35,33,37,51,33,62,97610
32,36,35,37,58,77,88439
34,38,47,32,35,159,100110
34,36,38,36,64,114,67231
35,38,41,62,65,106,50628
33,36,45,63,41,134,90613
35,32,33,60,56,122,71189
35,33,34,44,41,80,97811
32,39,40,50,65,70,73727
35,38,40,62,83,102,42827
34,36,38,33,84,73,50164
32,38,37,37,67,133,78016
34,35,35,50,54,36,87908
35,38,32,41,54,35,87612
32,34,44,54,93,106,40853
34,39,43,45,79,153,42454
32,37,42,43,73,138,57937
34,37,41,40,62,78,67994
35,38,42,40,80,140,47960
34,33,36,34,90,120,33701
35,38,41,39,75,34,55958
33,36,33,48,38,134,95446
34,38,32,48,58,38,78165
33,33,44,40,33,32,103059
33,36,39,57,44,100,87489
35,32,38,40,61,124,79641
35,33,38,34,44,127,89349
34,35,37,41,37,135,98305
35,33,41,58,59,108,76001
34,32,33,43,57,107,84649
32,34,39,52,80,94,42309
35,34,43,60,62,143,62576
33,32,46,40,52,85,75206
33,39,41,38,86,138,34051
32,32,36,40,74,87,61015
34,32,42,44,73,153,48600
33,38,37,36,49,135,94700
33,34,41,45,60,96,68274
35,37,45,34,55,131,84634
32,32,34,54,92,103,17584
35,37,39,62,84,129,39414
35,37,43,48,70,42,60920
32,37,41,57,56,96,72366
32,33,41,38,65,86,63248
32,36,42,35,47,51,91895
35,35,45,43,92,42,37681
33,33,32,59,33,64,93478
35,36,47,43,72,107,53069
32,34,44,36,52,73,84668
33,36,42,51,80,73,49518
35,32,36,53,75,118,66781
33,38,35,59,63,80,77199
35,37,33,53,48,52,85582
34,32,42,57,68,142,55493
32,34,37,52,79,81,63438
33,38,40,46,39,58,100341
33,36,46,32,75,58,58317
34,37,42,56,35,46,95320
34,34,35,52,61,58,73588
33,33,46,36,82,128,45314
32,35,36,48,57,59,73516
32,33,42,58,67,100,64637
33,33,35,60,60,97,74273
32,33,43,51,33,111,97243
32,35,34,63,52,146,77067
35,36,42,49,74,158,48219
32,38,32,61,74,107,66387
33,39,47,56,74,67,48422
34,36,45,36,44,45,87724
35,35,38,51,89,50,24960
35,37,35,32,47,119,94899
35,38,40,52,94,51,14020
34,32,36,63,83,87,49430
34,32,35,52,86,137,21589
34,37,46,62,51,54,82149
35,34,45,63,77,88,57557
32,34,43,34,48,128,85753
33,35,38,45,65,137,66732
35,33,37,43,58,70,86285
32,34,44,52,73,133,41379
35,38,44,42,59,47,81079
32,38,35,38,44,124,91495
32,38,42,47,53,148,73518
35,33,33,43,60,92,74633
34,34,46,62,49,48,79008
33,34,33,57,50,143,82479
32,36,33,63,52,53,83724
33,37,36,44,88,84,34099
32,34,33,45,87,84,48871
32,38,46,41,70,93,64177
35,33,39,37,95,156,23400
33,32,44,59,49,139,85618
35,34,32,43,76,151,66373
32,34,43,61,70,149,49763
33,34,47,60,32,97,89218
34,35,44,61,56,103,73400
34,38,39,48,84,48,57631
32,32,34,35,43,68,100514
35,39,36,35,47,115,91682
35,34,38,48,89,48,37402
33,36,46,34,59,151,72685
33,36,39,34,41,89,99213
33,38,38,34,33,60,106002
32,39,40,40,53,102,83263
34,39,42,58,58,138,65006
32,37,38,38,65,45,65881
33,38,34,59,68,122,55302
32,37,40,43,50,84,81808
34,33,36,47,50,60,88932
32,37,33,47,60,126,81779
34,34,42,48,57,146,69052
34,39,45,47,39,141,88993
32,38,32,61,88,100,16321
32,35,46,62,41,83,79819
32,32,46,46,80,71,50891
33,32,32,57,55,82,83502
32,32,40,63,78,139,40037
32,38,46,37,41,143,91827
34,39,38,51,46,96,89544
34,36,41,46,88,147,47538
35,32,33,49,94,142,28161
33,37,37,48,88,94,21118
34,35,46,57,76,112,44004
33,35,38,35,37,44,104772
32,35,45,50,79,101,55938
32,33,41,44,81,73,40407
34,32,32,47,50,63,88200
33,34,32,53,50,95,88887
35,36,35,53,40,74,95927
35,34,41,45,70,138,65829
33,32,47,34,41,70,90179
34,36,32,41,94,51,27378
33,39,32,59,49,120,77902
33,32,42,36,78,159,55767
32,33,45,43,42,69,92907
33,35,45,40,81,57,57628
34,39,32,56,73,57,46281
33,34,46,52,62,86,63571
32,38,44,57,49,157,77559
34,34,41,50,38,81,99590
33,37,35,50,68,86,68566
34,34,42,58,66,41,66704
35,37,41,52,50,145,72653
34,37,42,49,52,34,77151
35,39,32,35,67,44,62873
35,38,32,46,59,99,83018
35,35,40,62,47,75,76720
35,32,46,46,60,156,65518
32,36,39,52,45,48,92251
33,36,32,59,66,67,65513
34,39,43,40,81,156,36060
35,37,36,36,33,114,100858
34,35,44,53,49,81,79442
34,39,40,41,52,68,78693
33,33,32,47,33,91,100599
35,38,39,63,39,132,79378
35,36,45,34,86,77,41703
34,37,36,39,90,64,40436
33,32,45,56,48,42,82793
32,32,42,53,48,37,89490
33,35,36,47,38,81,91754
33,38,42,45,46,143,84438
35,33,46,34,69,83,71146
35,32,32,34,68,46,63738
35,39,43,62,81,153,28346
32,38,33,62,39,49,87922
32,36,37,45,74,132,70874
35,37,43,61,76,158,53999
32,33,44,58,46,69,74750
32,35,32,49,57,120,83765
34,36,43,57,56,147,71396
33,36,40,53,63,75,79220
33,33,37,55,49,69,89461
33,38,43,35,53,152,79109
33,35,40,60,81,60,26441
33,35,46,48,74,99,61744
34,38,42,62,71,45,67124
35,36,42,33,83,104,40081
35,39,42,36,53,90,85921
35,38,47,42,36,118,94458
33,36,33,49,70,87,56001
34,37,37,51,36,117,90496
34,36,39,57,81,97,28335
32,36,41,58,93,119,26163
34,36,36,34,67,122,63650
34,35,41,57,74,129,52566
33,33,44,38,88,92,41719
32,33,35,50,68,115,77690
35,39,37,46,35,69,99940
35,32,38,56,43,79,87464
33,39,45,40,81,155,45191
32,33,42,57,34,62,88432
33,32,33,54,80,143,46121
34,36,40,35,80,122,59896
32,38,44,44,49,41,92914
35,33,42,36,54,43,89881
33,32,42,47,48,152,91665
32,32,47,61,55,73,78790
35,35,38,36,39,56,97965
33,39,34,44,34,109,102615
33,39,41,38,91,50,17055
32,37,39,60,76,94,48661
32,39,46,57,33,112,88038
33,32,44,35,32,116,98045
34,32,35,53,94,126,34989
32,36,42,46,56,98,86934
33,34,43,51,87,109,27154
35,32,36,55,58,62,85509
34,36,42,59,71,103,41748
32,37,37,54,76,51,53486
32,38,37,36,52,135,82834
35,33,45,37,93,81,43393
33,37,38,50,38,59,90947
35,39,46,35,70,80,51665
33,32,44,45,72,128,52428
32,33,46,59,63,39,58386
34,37,33,40,93,51,47188
34,34,36,60,50,108,89140
33,38,39,46,78,159,56067
33,32,34,43,61,138,69050
32,35,32,54,92,149,44259
33,37,44,63,90,97,41949
34,35,47,43,38,101,95660
32,36,40,51,94,148,21973
35,39,32,43,94,98,36918
34,34,32,49,49,79,87333
33,35,44,36,94,94,25072
32,36,35,38,65,56,68331
33,38,44,56,84,132,19955
35,39,47,32,83,124,34788
35,37,36,33,88,64,43785
35,35,46,53,84,131,22539
33,33,44,36,89,49,47330
34,34,43,48,95,134,36968
33,33,34,50,82,133,48282
34,33,35,45,76,100,47272
34,33,39,46,77,126,50348
33,33,38,36,87,65,49757
34,32,32,61,60,54,77700
32,39,35,35,56,145,89780
32,33,44,52,69,138,69092
34,33,33,59,35,129,96832
33,34,43,43,52,119,77264
32,37,37,53,32,64,96018
35,35,38,43,42,132,96258
35,32,43,42,35,90,97815
35,35,45,58,45,139,84157
33,36,42,39,57,61,83628
34,35,46,63,82,92,28406
35,38,36,37,37,50,100766
33,32,47,47,35,55,97044
35,38,38,37,79,67,50570
32,35,43,55,42,60,87658
34,33,41,58,95,150,11432
35,35,38,61,93,65,20617
33,36,42,39,41,106,99655
33,36,44,62,87,51,28789
34,32,46,62,82,69,17771
35,34,38,32,78,157,66979
32,38,41,55,49,65,89189
34,36,32,39,93,145,33884
33,34,43,49,88,98,28301
33,36,41,32,43,99,93068
33,35,43,42,49,146,78496
33,36,35,46,40,62,100743
35,34,39,62,77,154,34495
33,35,38,36,85,87,57404
33,34,33,32,34,119,106338
35,34,41,38,94,74,43483
33,32,46,42,47,62,92267
35,36,39,56,47,158,81343
35,36,37,39,74,71,62585
33,39,34,43,91,122,47471
33,36,45,62,52,75,83087
32,36,41,37,69,113,61884
35,34,37,48,36,130,100397
33,36,33,50,80,79,40119
33,38,43,43,56,102,80517
32,36,47,37,44,120,87668
34,33,41,50,88,105,46538
32,37,35,58,94,115,25127
32,34,41,45,58,93,85718
32,35,37,60,73,43,59471
33,34,35,55,93,59,11086
32,37,34,46,44,154,90985
33,38,39,56,72,101,41631
34,34,47,45,85,116,34348
33,33,36,45,52,108,85386
35,34,46,46,37,96,97441
33,38,37,63,90,62,6777
32,38,43,60,57,105,73909
34,34,34,59,89,93,11580
35,36,47,60,69,37,46129
33,34,36,36,72,38,64461
32,32,46,36,83,71,29143
32,35,47,56,92,148,35364
35,38,42,41,51,107,84431
35,39,42,54,89,125,30066
35,36,34,37,52,105,89361
33,33,38,58,39,123,83963
33,32,43,44,89,106,30901
34,39,47,57,40,75,81787
33,38,39,39,95,121,43950
34,33,37,43,33,139,98397
35,33,46,62,32,51,83372
33,33,40,59,43,46,87001
35,37,37,40,91,130,22163
32,33,36,51,38,48,96954
34,38,37,45,41,73,98436
33,33,37,32,74,146,70457
35,35,46,33,58,89,80960
34,34,33,39,61,119,85906
32,36,34,45,82,95,37019
35,35,40,40,77,141,53253
32,37,40,55,59,119,64580
34,33,46,39,36,52,101029
34,38,40,51,41,153,88975
32,36,47,54,47,139,85199
32,33,45,46,93,125,29869
35,37,44,59,59,67,58745
35,34,44,54,77,56,40122
35,37,43,32,54,157,84096
32,33,47,57,52,39,84719
33,37,33,62,34,104,96424
34,39,35,45,40,116,101030
33,37,36,55,39,136,89330
34,36,41,57,83,102,47522
35,35,38,53,57,102,79372
32,33,36,33,51,108,85207
35,34,45,43,58,106,75302
33,32,43,58,79,62,58293
34,38,45,51,88,59,18389
34,32,47,39,92,35,29338
33,37,40,60,70,107,62518
32,35,35,60,57,40,79185
34,36,36,49,56,96,74244
35,35,38,34,52,94,81149
34,37,34,38,34,73,106279
33,38,47,60,93,89,28138
34,32,45,35,43,39,96785
34,36,39,37,59,151,71461
32,33,40,47,45,67,94458
35,39,45,61,73,83,61819
33,39,46,38,35,68,96414
34,34,45,53,68,115,59508
33,35,45,50,94,76,7789
32,37,34,48,89,129,50738
35,34,34,53,45,86,86724
34,32,38,47,36,111,92126
32,36,35,49,56,71,81591
35,35,38,45,32,114,102352
35,32,34,52,51,104,92892
35,39,33,44,87,104,49075
32,39,39,49,44,69,94750
35,37,32,58,83,158,49437
33,34,41,62,57,90,69882
33,32,36,52,41,63,94064
33,38,41,37,40,46,96666
34,37,35,58,51,96,83756
32,35,35,42,45,123,89447
32,34,42,41,47,76,87000
32,36,40,37,38,86,103007
34,38,39,37,91,132,49624
34,37,44,54,74,115,51089
34,35,43,60,53,60,66408
33,39,32,32,40,123,97877
35,37,35,35,76,117,54843
35,38,44,53,39,45,91949
35,38,37,49,73,70,46698
32,37,41,57,58,62,71778
33,38,40,57,69,148,66459
33,32,47,46,36,86,99639
33,36,41,45,87,98,42645
33,33,47,41,62,146,78658
35,34,33,44,36,114,103016
35,37,35,54,47,152,89398
35,35,36,58,45,48,83524
34,32,39,33,41,150,93100
32,37,41,61,41,133,86484
34,37,42,45,44,115,92307
34,36,45,49,90,126,30870
35,32,44,47,38,123,96551
32,32,35,56,38,142,95353
32,35,36,60,91,112,6014
34,37,43,62,85,142,22049
34,37,47,37,35,159,98202
34,32,35,39,70,152,75391
34,33,47,34,87,62,45642
32,37,41,33,90,151,41010
35,39,43,34,91,123,27798
32,36,44,52,66,95,57414
33,35,33,41,53,125,90912
35,36,41,33,32,63,100311
34,34,40,58,71,59,62124
33,38,39,58,47,150,86330
32,36,35,35,70,34,65877
33,35,43,53,78,86,49771
33,34,46,34,45,43,86830
33,39,34,45,94,129,25407
35,39,44,54,75,60,36630
35,33,39,57,58,126,76496
34,33,35,62,59,80,74006
32,35,32,57,77,93,45445
35,35,40,43,46,136,94616
35,33,37,42,90,49,42220
34,33,39,33,48,104,97751
32,33,46,42,87,134,52413
35,33,41,51,35,70,101101
32,32,42,55,37,40,94538
34,32,39,41,57,131,78313
33,34,38,33,84,97,61434
34,38,35,32,66,123,77379
34,35,37,54,58,149,80107
33,35,33,53,71,73,58363
32,36,45,45,92,50,28830
34,34,41,62,54,54,70295
34,37,36,32,37,115,99474
33,34,41,59,68,132,63619
34,38,38,52,83,130,47236
32,35,45,60,86,94,18518
33,34,45,40,51,34,90649
35,37,33,49,33,46,105431
32,38,34,57,85,92,30390
33,38,39,34,74,116,67622
33,32,38,32,90,113,27836
32,36,46,59,42,83,80252
35,33,33,44,45,110,99923
33,35,35,48,45,98,96110
33,38,32,45,61,82,80849
32,36,40,55,82,106,53691
35,37,43,57,72,143,41819
34,34,39,37,84,130,47743
34,37,41,43,61,147,71026
33,35,43,35,76,90,47360
33,37,47,45,61,33,81289
33,38,35,55,70,98,54024
33,32,36,53,49,80,92549
35,34,39,32,91,130,38421
35,38,47,43,90,61,17543
35,36,43,44,44,106,90597
34,34,43,51,67,39,64375
34,35,38,55,47,64,84219
32,32,47,63,61,110,64977
34,38,36,52,74,128,44929
32,38,38,39,39,55,98746
34,39,37,47,36,97,97687
35,36,43,43,37,125,97393
32,34,42,34,44,62,89378
33,35,35,44,70,78,72569
35,39,41,44,60,102,82734
32,33,38,61,65,104,58935
34,37,37,37,60,119,86138
33,38,36,45,49,34,90238
35,34,37,37,92,159,17229
32,37,37,47,69,109,73492
32,33,37,60,50,75,83284
34,34,37,41,91,153,31213
32,33,39,47,49,96,90545
35,32,37,58,52,132,85691
35,37,35,59,72,32,64405
34,35,46,44,93,137,9601
32,37,41,39,43,143,91299
32,32,34,46,50,59,87407
34,38,43,46,74,102,43911
34,34,35,46,82,151,46184
32,35,38,52,66,159,73935
35,35,32,40,61,73,73894
33,39,37,46,56,91,88908
32,36,43,32,81,112,62644
34,32,36,36,54,97,87303
33,34,43,58,92,138,21373
32,36,44,33,62,117,68502
35,32,42,35,69,159,69328
35,36,34,38,91,41,27292
34,38,35,53,70,104,65789
35,39,47,62,55,111,68790
33,34,39,35,81,117,62894
35,32,34,51,45,61,96059
34,33,40,59,75,58,56973
33,39,38,59,60,145,73609
33,35,39,58,34,126,92724
33,33,41,50,84,78,42034
33,39,43,34,89,70,29562
34,36,46,43,70,143,65464
33,39,35,33,45,33,98060
33,32,32,44,41,33,99823
33,36,47,57,57,139,71117
33,38,32,37,60,91,76832
32,32,44,57,52,74,73172
32,39,44,32,59,143,71720
35,32,42,43,51,92,86147
32,38,38,61,69,117,62410
33,39,41,41,48,126,82271
34,36,46,33,49,43,80410
33,39,42,42,92,89,37891
32,32,39,35,51,35,89872
35,37,40,63,42,125,79062
35,34,39,41,72,134,54455
32,32,33,49,74,130,69009
33,39,43,35,41,131,97615
33,36,35,49,88,123,24958
33,34,37,35,49,47,85364
34,32,47,48,74,125,64528
33,33,44,45,83,67,38244
34,37,42,43,53,60,75540
32,33,47,42,34,91,93528
34,36,37,44,65,106,75570
34,35,38,41,64,106,81585
33,39,42,42,46,112,89633
35,39,43,49,74,95,49680
35,32,43,43,87,140,39701
34,32,41,57,61,38,64216
32,32,46,40,90,76,27689
32,32,47,37,85,105,31366
32,38,36,36,55,147,86903
32,36,33,56,93,54,37133
34,37,39,41,87,131,54284
33,37,46,37,82,59,36047
33,36,44,43,73,145,51920
33,34,37,38,70,67,64788
32,34,39,36,52,128,94182
35,38,47,36,60,67,78446
33,37,41,56,76,72,52324
35,34,33,58,79,103,43887
35,36,32,35,38,88,105948
32,39,46,49,71,149,59387
34,36,46,44,92,61,24672
32,38,39,60,43,96,81632
35,36,47,44,70,138,65976
32,39,38,51,41,141,97179
35,32,40,47,54,94,77811
34,38,35,40,70,153,59829
32,39,32,51,46,98,83962
35,33,40,37,80,97,57399
32,38,42,34,53,95,82862
33,35,45,38,53,152,89690
35,39,46,57,53,93,82683
34,36,34,32,47,116,94316
34,38,35,51,54,82,81715
35,34,39,58,50,91,72956
32,39,42,52,60,139,77757
34,37,44,39,82,115,43069
32,34,44,37,83,60,31894
32,36,42,53,77,119,38308
33,32,36,45,83,60,52493
32,36,41,58,52,38,81339
